Original Corpus,Corpus Embeddings (BERT),Query Embedding (BERT),output,timestamp
"Lung cancer is the leading cause of cancer-related deaths in North America and other developed countries. One of the reasons lung cancer is at the top of the list is that it is often not diagnosed until the cancer is at an advanced stage. Thus, the earliest diagnosis of lung cancer is crucial, especially in screening high-risk populations, such as smokers, exposure to fumes, oil fields, toxic occupational places, etc. Based on the current knowledge, it looks that there is an urgent need to identify novel biomarkers. The current diagnosis of lung cancer includes different types of imaging complemented with pathological assessment of biopsies, but these techniques can still not detect early lung cancer developments. In this review, we described the advantages and disadvantages of current methods used in diagnosing lung cancer, and we provide an analysis of the potential use of body fluids as carriers of biomarkers as predictors of cancer development and progression.
Lung cancer is the world's leading cause of cancer death. Screening for lung cancer by low-dose computed tomography improves mortality. Various modalities exist for diagnosis and staging. Treatment is determined by subtype and stage of cancer; there are several personalized therapies that did not exist just a few years ago. Caring for the patient with lung cancer is a complex task. This review provides a broad outline of this disease, helping clinicians identify such patients and familiarizing them with lung cancer care options, so they are better equipped to guide their patients along this challenging journey.
Central diabetes insipidus (CDI) is a clinical syndrome which results from loss or impaired function of vasopressinergic neurons in the hypothalamus/posterior pituitary, resulting in impaired synthesis and/or secretion of arginine vasopressin (AVP). AVP deficiency leads to the inability to concentrate urine and excessive renal water losses, resulting in a clinical syndrome of hypotonic polyuria with compensatory thirst. CDI is caused by diverse etiologies, although it typically develops due to neoplastic, traumatic, or autoimmune destruction of AVP-synthesizing/secreting neurons. This review focuses on the diagnosis and management of CDI, providing insights into the physiological disturbances underpinning the syndrome. Recent developments in diagnostic techniques, particularly the development of the copeptin assay, have improved accuracy and acceptability of the diagnostic approach to the hypotonic polyuria syndrome. We discuss the management of CDI with particular emphasis on management of fluid intake and pharmacological replacement of AVP. Specific clinical syndromes such as adipsic diabetes insipidus and diabetes insipidus in pregnancy as well as management of the perioperative patient with diabetes insipidus are also discussed.
Diabetes insipidus (DI) is a disorder characterised by the excretion of large amounts of hypotonic urine, with a prevalence of 1 per 25,000 population. Central DI (CDI), better now referred to as arginine vasopressin (AVP)-deficiency, is the most common form of DI resulting from deficiency of the hormone AVP from the pituitary. The less common nephrogenic DI (NDI) or AVP-resistance develops secondary to AVP resistance in the kidneys. The majority of causes of DI are acquired, with CDI developing when more than %80 of AVP-secreting neurons are damaged. Inherited/familial CDI causes account for approximately %1 of cases. Although the pathogenesis of NDI is unclear, more than 280 disease-causing mutations affecting the AVP2 protein or AVP V2 receptor, as well as in aquaporin 2 (AQP2), have been described. Although the cAMP/protein kinase A pathway remains the major regulatory pathway of AVP/AQP2 action, in vitro data have also revealed additional cAMP independent pathways of NDI pathogenesis. Diagnosing partial forms of DI, and distinguishing them from primary polydipsia, can be challenging, previously necessitating the use of the water deprivation test. However, measurements of circulating copeptin levels, especially after stimulation, are increasingly replacing the classical tests in clinical practice because of their ease of use and high sensitivity and specificity. The treatment of CDI relies on desmopressin administration, whereas NDI requires the management of any underlying diseases, removal of offending drugs and, in some cases, administration of diuretics. A better understanding of the pathophysiology of DI has led to novel evolving therapeutic agents that are under clinical trial.
Mushroom poisoning is a significant and increasing form of toxin-induced-disease. Existing classifications of mushroom poisoning do not include more recently described new syndromes of mushroom poisoning and this can impede the diagnostic process. We reviewed the literature on mushroom poisoning, concentrating on the period since the current major classification published in 1994, to identify all new syndromes of poisoning and organise them into a new integrated classification, supported by a new diagnostic algorithm. New syndromes were eligible for inclusion if there was sufficient detail about both causation and clinical descriptions. Criteria included: identity of mushrooms, clinical profile, epidemiology, and the distinctive features of poisoning in comparison with previously documented syndromes. We propose 6 major groups based on key clinical features relevant in distinguishing between poisoning syndromes. Some clinical features, notably gastrointestinal symptoms, are common to many mushroom poisoning syndromes. Group 1 - Cytotoxic mushroom poisoning. Syndromes with specific major internal organ pathology: (Subgroup 1.1; Primary hepatotoxicity); 1A, primary hepatotoxicity (amatoxins); (Subgroup 1.2; Primary nephrotoxicity); 1B, early primary nephrotoxicity (amino hexadienoic acid; AHDA); 1C, delayed primary nephrotoxicity (orellanines). Group 2 - Neurotoxic mushroom poisoning. Syndromes with primary neurotoxicity: 2A, hallucinogenic mushrooms (psilocybins and related toxins); 2B, autonomic-toxicity mushrooms (muscarines); 2C, CNS-toxicity mushrooms (ibotenic acid/muscimol); 2D, morel neurologic syndrome (Morchella spp.). Group 3 - Myotoxic mushroom poisoning. Syndromes with rhabdomyolysis as the primary feature: 3A, rapid onset (Russula spp.); 3B, delayed onset (Tricholoma spp.). Group 4 - Metabolic, endocrine and related toxicity mushroom poisoning. Syndromes with a variety of clinical presentations affecting metabolic and/or endocrine processes: 4A, GABA-blocking mushroom poisoning (gyromitrins); 4B, disulfiram-like (coprines); 4C, polyporic mushroom poisoning (polyporic acid); 4D, trichothecene mushroom poisoning (Podostroma spp.); 4E, hypoglycaemic mushroom poisoning (Trogia venenata); 4F, hyperprocalcitoninemia mushroom poisoning (Boletus satanas); 4G, pancytopenic mushroom poisoning (Ganoderma neojaponicum). Group 5 - Gastrointestinal irritant mushroom poisoning. This group includes a wide variety of mushrooms that cause gastrointestinal effects without causing other clinically significant effects. Group 6 - Miscellaneous adverse reactions to mushrooms. Syndromes which do not fit within the previous 5 groups: 6A, Shiitake mushroom dermatitis; 6B, erythromelagic mushrooms (Clitocybe acromelagia); 6C, Paxillus syndrome (Paxillus involutus); 6D, encephalopathy syndrome (Pleurocybella porrigens).
Because mushroom poisonings are increasing worldwide after ingestions of known, newly described, and formerly considered edible species, the objectives of this review are to describe the global epidemiology of nephrotoxic mushroom poisonings, to identify nephrotoxic mushrooms, to present a toxidromic approach to earlier diagnoses of nephrotoxic mushroom poisonings based on the onset of acute renal failure, and to compare the outcomes of renal replacement management strategies. Internet search engines were queried with the keywords to identify scientific articles on nephrotoxic mushroom poisonings and their management during the period of 1957 to the present. Although hepatotoxic, amatoxin-containing mushrooms cause most mushroom poisonings and fatalities, nephrotoxic mushrooms, most commonly Cortinarius species, can cause acute renal insufficiency and failure. Several new species of nephrotoxic mushrooms have been identified, including Amanita proxima and Tricholoma equestre in Europe and Amanita smithiana in the United States and Canada. In addition, the edible, hallucinogenic mushroom Psilocybe cubensis has been noted recently via mass spectrometry as a rare cause of acute renal insufficiency. Renal replacement therapies including hemodialysis are often indicated in the management of nephrotoxic mushroom poisonings, with renal transplantation reserved for extracorporeal treatment failures.
The psychedelic effects of some plants and fungi have been known and deliberately exploited by humans for thousands of years. Fungi, particularly mushrooms, are the principal source of naturally occurring psychedelics. The mushroom extract, psilocybin has historically been used as a psychedelic agent for religious and spiritual ceremonies, as well as a therapeutic option for neuropsychiatric conditions. Psychedelic use was largely associated with the hippie counterculture movement, which, in turn, resulted in a growing, and still lingering, negative stigmatization for psychedelics. As a result, in 1970, the U.S. government rescheduled psychedelics as Schedule 1 drugs, ultimately ending scientific research on psychedelics. This prohibition on psychedelic drug research significantly delayed advances in medical knowledge on the therapeutic uses of agents such as psilocybin. A 2004 pilot study from the University of California, Los Angeles, exploring the potential of psilocybin treatment in patients with advanced-stage cancer managed to reignite interest and significantly renewed efforts in psilocybin research, heralding a new age in exploration for psychedelic therapy. Since then, significant advances have been made in characterizing the chemical properties of psilocybin as well as its therapeutic uses. This review will explore the potential of psilocybin in the treatment of neuropsychiatry-related conditions, examining recent advances as well as current research. This is not a systematic review.
Posttraumatic stress disorder (PTSD) is a debilitating, chronic disorder and efficacy rates of current PTSD treatments are underwhelming. There is a critical need for innovative approaches. We provide an overview of trauma and PTSD and cite literature providing converging evidence of the therapeutic potential of psilocybin for PTSD. No study to date has investigated psilocybin or psilocybin-assisted psychotherapy (PAP) as treatments for PTSD. An open-label study in traumatized AIDS survivors found that PAP reduced PTSD symptoms, attachment anxiety, and demoralization. Several PAP trials show preliminary efficacy in facilitating confronting traumatic memories, decreasing emotional avoidance, depression, anxiety, pessimism, and disconnection from others, and increasing acceptance, self-compassion, and forgiveness of abusers, all of which are relevant to PTSD recovery. There is also early evidence that other classic psychedelics may produce large reductions in PTSD symptoms in combat veterans. However, this body of literature is small, mechanisms are not yet well understood, and the risks of using psychedelic compounds for trauma-related disorders need further study. In sum, evidence supports further investigation of PAP as a radically new approach for treating PTSD.
Positional sleep apnea (POSA), a distinctive subtype of obstructive sleep apnea, underscores the critical influence of a patient's sleeping position on the severity of their condition. In the management of POSA, compliance with positional therapy (PT) is paramount, as it wields a profound impact on the treatment's efficacy and the overall alleviation of the disease. The advent of new-generation PT devices offers a promising alternative to conventional methods like the tennis ball technique, boasting higher compliance rates and substantial disease alleviation.
Parkinson's disease is a progressive neurodegenerative disease characterized by tremor and bradykinesia and is a common neurologic ailment. Male sex and advancing age are independent risk factors and, as the population ages, is taking an increasing toll on productivity and medical resources. There are a number of other extrapyramidal conditions that can make the diagnosis challenging. Unlike other neurodegenerative diseases, idiopathic Parkinson's disease has effective treatments that mitigate symptoms. Medications can improve day-to-day function and, in cases where medication does not give a sustained benefit or has significant side effects, treatments like deep brain stimulation result in improved quality of life
Although massive cell atlases are already available, it is still a challenge to obtain an atlas of all tissues within a single body, especially in fetuses and pregnant mothers. We present a transcriptomic atlas of 2.56 million single cells covering 115 and 119 tissues from one fetal pig and its pregnant mother, respectively. We found that a cluster of heart capillary endothelial cells with enhanced fatty acid transit capability was enriched for pregnancy but restored after gestation. We also deciphered that l-leucine transport insufficiency in the trophoblast causes fetal growth restriction by reducing a muscle type II myofiber subcluster. Our all-from-one strategy enabled the identification of tissue cell type-specific transcription factors and provided insights into pregnancy heart adaptation and fetal growth restriction.
Tissues harbor memories of inflammation, which heighten sensitivity to diverse future assaults. Whether and how these adaptations are sustained through time and cell division remain poorly understood. We show that in mice, epidermal stem cells store lifelong, functional epigenetic records of psoriasis-like skin flares. Applying deep learning to investigate these chromatin dynamics, we unearth CpG dinucleotide density as a major driver of memory persistence. Although unnecessary for inflammation-induced transcription factors to open and establish memories, CpG-enriched sequences thereafter become essential, reinforcing accessibility across cellular generations by integrating DNA demethylation, methylation-sensitive transcription factors, sequence-intrinsic nucleosome disaffinity, and the nucleosome-destabilizing histone variant H2A.Z. Thus, once activated by inflammation-induced transcription factors, DNA sequences orchestrate persistent poise, imparting long-lasting memory to stress-sensitive genes and profoundly affecting tissue fitness upon recall.
The gene for hepatitis B virus X protein (HBx) comprises the smallest open reading frame in the HBV genome, and the protein product can activate various cell signaling pathways and regulate apoptosis, among other effects. However, in different cell types and under different external conditions, its mechanism of action differs. In the present study, the effect of HBx on the viability and apoptosis of mouse podocyte clone 5 (MPC5) cells was investigated. The cells were transfected with the HBx gene using pEX plasmid, and real-time quantitative PCR and western blot analysis were used to test the transfection efficiency and assess related protein expression. The highest expression of HBx occurred at 48 h after MPC5 cells were transfected with HBx. The expression of nephrin protein in the HBx transfection group was lower than that in blank and negative control groups. Following transfection of the HBx gene, podocyte viability was suppressed, while the rate of cell apoptosis was increased; moreover, the expression of signal transducer and activator of transcription 3 (STAT3) and phospho-STAT3 was increased compared with in the control groups. The present study suggests that STAT3 activation may be involved in the pathogenic mechanism of renal injuries caused by HBV injection. Thus STAT3 is a potential molecular target in the treatment of HBV-GN.
The laboratory mouse is a key model system for biomedical research, yet body-wide measurement tools are lacking. Here, we generate spatiotranscriptomics profiles of whole-mouse sections that accurately capture histological regions. We spatially assign 379 cell types across whole-mouse section profiles by building a reference dataset of 59M single cells coupled with a scalable computational method for cell-type assignment. Moreover, we exploit these whole-mouse profiles to create a machine learning pipeline, LABEL, which enables pan-body annotation of tissues and cell types on histology images from H&E-stained sections. Lastly, we apply whole-mouse spatial profiling to map systemic inflammation in endotoxemia, which delineates organism-wide changes in gene expression programs across tissues and cell types. Together, our work paves the way for body-wide studies of the molecular and cellular processes that govern the organismal biology of the laboratory mouse across space, time, and conditions.","'tensor([[-0.3163,  0.6342, -0.1855,  ..., -0.4082, -0.1133,  0.4382],
        [-0.4142,  0.4269,  0.2156,  ..., -0.2595, -0.0856,  0.5321],
        [ 0.0885,  0.6156,  0.0872,  ..., -0.0721, -0.4642,  0.5383],
        ...,
        [-0.1235,  0.8673,  0.5708,  ...,  0.0132, -0.7166,  0.9684],
        [-0.2817,  0.5349, -0.7730,  ..., -0.0503, -0.2306,  0.9057],
        [-0.3276,  0.8011,  0.1711,  ..., -0.5647, -0.0895,  0.9920]],
       device='mps:0')","'tensor([ 1.1280e-01,  1.0706e+00,  2.6433e-01, -1.1211e-01,  4.1270e-01,
         1.7036e-01,  8.5206e-01, -2.1978e-01,  7.1132e-01, -2.1299e-01,
         5.9981e-02,  2.3424e-01,  1.6924e-01,  8.7270e-01,  6.5672e-01,
         3.3811e-01, -1.4904e-01, -5.8802e-02, -3.4024e-01, -1.8489e-01,
        -3.0212e-01, -6.6276e-01,  8.3030e-02,  2.5324e-01,  9.0749e-01,
         1.3388e+00, -2.0951e-01,  8.5563e-01, -8.1474e-01, -5.8835e-01,
         2.0578e-01, -3.6673e-01,  7.0381e-01, -1.9325e-01, -7.7845e-01,
         8.1853e-01,  3.3443e-01,  3.3271e-01,  1.9330e-01,  6.3057e-01,
        -4.8859e-01,  1.7306e-01,  2.7733e-01,  4.4852e-01, -9.6958e-02,
        -5.0281e-01,  4.1628e-01,  9.0116e-01, -1.7280e-01,  1.2693e-01,
         6.9964e-01, -4.6183e-02,  1.3734e+00,  5.5410e-01, -4.3159e-01,
        -3.4618e-01,  1.4296e-01, -4.3883e-01, -1.0103e+00, -9.6373e-02,
        -1.4592e+00,  5.9887e-01, -4.9997e-01,  2.1355e-01, -8.6808e-01,
         3.5238e-01, -5.5487e-01,  3.2330e-01, -3.7310e-01, -5.1733e-01,
         1.1263e-02, -8.5868e-01, -8.8399e-01,  2.1862e-01,  3.9628e-01,
        -7.8790e-01, -1.4064e-01, -1.5178e-01,  2.8455e-01,  1.6037e-01,
        -8.6905e-01, -3.0011e-01, -3.2011e-01, -2.4873e-01,  9.3291e-01,
        -1.3429e-01,  4.8282e-01,  6.3635e-01, -1.2394e-01, -2.0280e-01,
         1.2740e+00,  5.0710e-01,  5.6936e-01, -1.0256e+00, -4.1673e-01,
        -1.6688e+00,  9.2172e-02, -1.2377e-01, -2.8991e-01, -2.4517e-01,
        -7.9818e-01,  4.3495e-01, -2.9046e-01,  4.5751e-01,  2.0634e-01,
        -2.6040e-01, -1.0623e+00,  3.3930e-01, -7.7012e-01,  5.9876e-01,
         3.6598e-01,  1.5841e+00, -5.1516e-02, -4.2757e-01, -4.9232e-01,
        -1.9059e-01, -4.2765e-01,  4.6907e-01,  2.6442e-01, -1.6429e-01,
         9.8517e-02, -5.0729e-01,  6.3267e-01, -2.2762e-01,  1.7139e-01,
         3.8272e-01,  5.0879e-01,  3.7696e-01,  3.8086e-02,  1.7278e-01,
         5.9613e-01,  8.4668e-01,  2.2396e-01, -1.1072e+00, -4.8511e-01,
         2.7898e-01,  3.7473e-01, -3.5709e-01,  6.3294e-01, -1.8481e-01,
        -2.3297e-01, -2.3670e-01,  7.4726e-01, -5.6366e-01, -3.1669e-01,
         5.4569e-01, -4.2390e-01,  4.2201e-01, -2.8351e-01,  3.0979e-01,
         3.6604e-01, -3.9299e-01, -1.1166e+00,  2.9519e-01,  1.6968e-01,
        -2.2909e-01, -2.6162e-01, -7.2254e-01, -7.6450e-01, -1.3629e-01,
         4.5216e-01,  3.2685e-01, -5.8146e-01,  2.1370e-01,  6.0646e-01,
        -2.9742e-01, -8.6004e-01, -2.4005e-02, -3.8344e-02,  3.1629e-01,
        -2.9101e-01, -1.2952e-01,  1.9487e-01, -1.0262e+00,  1.0278e+00,
         1.8946e-01,  1.8001e-01, -1.4326e-02,  2.2009e-01, -1.7250e-02,
         2.0982e-01,  3.3191e-01, -1.0586e+00, -4.5401e-02, -2.7074e-01,
        -1.1512e-01,  1.3924e+00, -6.4615e-01,  9.2956e-01,  5.3106e-01,
        -1.0278e+00, -7.5387e-01, -6.8794e-04, -3.3551e-01,  2.0836e-01,
         7.8675e-01, -6.0107e-01, -2.4393e-01,  2.9670e-01, -7.5170e-01,
        -3.9547e-01,  1.0911e+00, -1.1517e-01, -1.5150e-01, -8.9181e-01,
         4.8041e-01,  1.3336e-01, -5.3511e-01, -1.1171e+00,  4.9687e-01,
        -8.5251e-01,  5.6183e-02, -4.2287e-01, -1.6683e-01,  1.2593e+00,
        -5.9834e-01, -2.2134e-01, -6.6567e-01,  1.6032e-01, -3.7803e-01,
        -5.8369e-01, -3.5723e-01, -1.9324e-01,  1.0408e+00, -4.4287e-01,
        -6.3586e-02,  1.1126e-01,  4.8426e-01, -3.9120e-01,  6.8846e-01,
        -1.1156e-01,  5.2602e-01, -7.4484e-01, -5.1134e-01, -5.7835e-01,
        -6.1145e-01, -9.3605e-01, -1.9030e-01,  9.7778e-01, -6.5284e-01,
         6.7342e-01,  4.3609e-01,  3.7052e-02,  7.3566e-01, -5.3881e-01,
        -5.5554e-01, -1.3836e-01,  1.8059e-01, -1.4872e-01,  4.6941e-01,
         3.6765e-01, -3.1144e-01,  3.1569e-01, -4.5694e-01,  2.0396e-02,
        -2.8354e-01,  1.4251e-01,  6.9779e-01, -1.7586e-01, -3.1484e-01,
        -4.2423e-01,  3.0366e-01,  6.9857e-01,  1.0166e+00,  2.5535e-01,
         1.0332e+00, -1.3164e+00, -1.5217e-01, -3.3849e-01,  4.1159e-02,
        -5.2511e-01, -1.0498e+00, -6.0478e-01,  5.3828e-01, -6.3590e-01,
        -2.9048e-01, -5.6006e-02,  4.7535e-01, -1.1537e-01,  1.6147e-01,
        -8.2378e-02,  1.7595e+00, -9.8350e-01,  5.9692e-01, -1.6361e+00,
         3.6230e-01,  4.0545e-02, -2.5628e-01,  1.1893e-01, -6.5889e-01,
        -3.6923e-01,  1.2909e-01, -5.9868e-01,  2.2056e-01,  3.9986e-01,
        -1.8247e+00,  1.8604e-01, -3.9596e-01,  6.2307e-01, -2.0463e-01,
         7.2772e-02, -2.3787e-02, -9.3787e-01,  8.1992e-02, -1.3502e+00,
        -4.2588e-01,  8.6329e-01,  7.8668e-01, -2.0461e-02, -2.9275e-01,
         6.6167e-03,  1.4298e-01,  2.7207e-01,  1.0778e+00,  3.0777e-01,
        -4.2186e-01, -1.1915e+00,  3.6927e-01,  9.2139e-02,  2.0775e-02,
        -3.7284e-01, -7.9866e-02,  5.0757e-01,  8.3437e-02,  3.9773e-01,
        -7.4996e-01, -1.1224e-01,  3.7087e-01,  6.7339e-01,  4.8966e-02,
        -2.8737e-01,  6.2401e-02, -5.4878e-02,  9.7861e-01,  6.7766e-02,
         1.7306e+00, -8.7449e-01,  2.6794e-01,  2.1238e-01, -5.7244e-01,
         9.0038e-01, -1.8609e-01, -1.3285e+00, -4.8614e-01, -6.9303e-01,
        -8.8744e-02, -4.7838e-01,  1.0430e+00, -6.6290e-01, -1.7474e-01,
         6.2089e-01, -2.9255e-01, -4.9654e-02,  4.4226e-01,  1.7330e-01,
        -6.6023e-01, -4.9863e-01,  8.1930e-01, -4.8923e-02, -2.9554e-01,
        -2.6567e-01,  6.0731e-01,  2.4726e-01, -7.2080e-01,  3.6248e-01,
         6.5931e-01, -5.2950e-01, -9.5249e-01, -2.5993e-01,  7.2490e-01,
        -8.6445e-02,  1.3657e+00,  2.0029e-01,  5.1505e-01, -1.1044e-01,
        -3.4478e-01, -4.5337e-01, -6.8090e-01,  7.3467e-02,  2.5232e-01,
        -3.0960e-01, -6.8324e-01,  2.7370e-01, -1.6619e-01,  8.0127e-02,
        -2.3018e-01,  7.9980e-01,  2.9467e-01, -4.3706e-01,  5.1896e-01,
         1.6660e+00,  5.4588e-01, -7.1178e-02, -4.2644e-01, -1.0321e-01,
        -3.7181e-01,  3.4828e-01, -4.9660e-01, -8.4329e-02, -3.2767e-01,
        -3.5845e-02,  3.2511e-01,  1.5737e-01,  6.4260e-01,  1.1727e+00,
         1.0965e+00,  5.9115e-01,  6.9960e-02,  2.9044e-01, -4.9066e-03,
         1.0607e+00, -3.1175e-01,  1.0211e-01, -5.1521e-02, -5.3118e-01,
         9.5947e-02,  2.3976e-01, -1.1258e+00, -2.9369e-01,  1.4298e+00,
        -8.7626e-02, -2.2051e-02,  9.0653e-01,  4.8130e-01,  3.9721e-01,
         1.2134e-01,  5.1654e-01,  2.6921e-04,  1.1940e-02,  5.4378e-01,
         5.8539e-01,  2.8853e-01,  6.9940e-01, -6.8448e-01,  9.2133e-01,
        -3.0178e-01,  3.4493e-01, -4.3549e-01,  6.9316e-01, -7.9888e-01,
         4.7153e-01, -9.5677e-01,  1.3946e+00, -4.9947e-01, -7.9340e-01,
         5.5776e-01, -9.7282e-01, -2.6820e-01, -5.9389e-01, -9.6655e-01,
         1.0442e-01, -4.1803e-01,  7.2613e-01,  1.0428e+00,  9.4104e-01,
        -3.3079e-01,  2.6783e-01,  1.3434e-01, -9.8240e-01,  3.9489e-01,
         1.1098e-01,  4.2589e-01, -6.7086e-01,  4.3392e-01,  6.9505e-02,
         7.1973e-01,  3.3307e-01, -1.1599e+00,  5.4518e-01, -2.3783e-02,
        -1.7618e-01, -4.1301e-01, -7.6819e-01,  9.3880e-01,  4.8368e-01,
        -1.3878e+00, -4.2459e-01,  3.9099e-01, -1.3347e-01,  5.7441e-01,
         2.8486e-01, -1.4365e-02,  5.7557e-01,  2.5213e-03, -1.0013e+00,
        -3.9785e-01,  3.4926e-01,  5.0795e-01, -1.7922e-01, -1.1751e+00,
         1.1944e-01,  1.3227e-01, -1.4029e+00, -1.2820e+00, -2.6121e-01,
        -1.3593e+00, -2.9183e-01, -3.0018e-01, -2.7359e-01,  1.1330e-01,
         1.2533e+00,  6.7381e-01,  1.7628e-01, -7.0866e-01,  7.7046e-01,
        -4.1317e-02,  2.7670e-01, -7.3819e-01,  7.9184e-01, -2.3140e-01,
         3.6885e-01, -1.5278e-01,  7.6331e-01, -1.0097e+00, -9.9596e-01,
         5.8013e-01, -1.3621e+00, -3.7672e-01, -9.2812e-02, -2.8665e-01,
        -4.7614e-01,  6.7969e-01,  7.4733e-03, -2.4239e-01,  6.3935e-01,
         4.7863e-01,  2.9002e-01,  1.8973e-02,  1.1236e-01,  2.5958e-01,
        -4.4519e-01, -1.6360e-01, -1.7339e-01,  5.2160e-01,  1.9344e-02,
        -2.8287e-01, -1.0139e+00,  1.0908e-01, -3.6454e-01,  5.1141e-01,
         1.0838e-01, -6.0042e-01,  1.2943e+00,  2.2231e-01, -3.1560e-01,
         6.7819e-01,  4.4139e-01, -5.4023e-01, -6.7548e-01,  7.2731e-01,
        -4.7725e-03,  2.1433e-01,  9.6674e-01,  5.7652e-01, -1.7838e-02,
        -2.5486e-01, -2.4563e-01,  9.3374e-02,  5.4826e-02,  6.1202e-01,
         7.1443e-01,  1.1400e-01, -4.3405e-01, -8.8335e-02,  1.2508e-01,
        -1.2329e+00,  1.4772e-02, -8.4336e-02, -8.6080e-01,  2.5457e-01,
         1.1416e+00,  9.8048e-02,  1.8331e+00,  1.5631e-01, -4.3963e-01,
         1.0563e+00, -5.1840e-01, -8.8889e-01,  1.8641e-01,  6.0235e-01,
         3.7790e-01,  4.4811e-01, -3.9642e-01, -2.0759e-01, -8.8033e-01,
        -1.4570e+00, -3.0903e-01, -4.8818e-01, -2.5827e-02, -7.1131e-01,
        -3.1786e-02,  1.8321e-01, -5.0287e-02, -4.8902e-01, -3.5308e-01,
         5.4193e-01, -9.7467e-01,  5.8988e-01, -3.0020e-01, -3.6816e-01,
        -3.5864e-01, -4.8466e-01,  5.9064e-02,  4.4383e-01, -5.0984e-01,
        -3.6657e-02,  4.4787e-01, -3.1611e-01, -5.5396e-01,  8.7570e-02,
         1.2363e+00,  9.7019e-02, -5.3734e-01,  7.6594e-01, -4.9983e-01,
        -7.0231e-01, -4.0547e-01, -4.5516e-01,  7.1188e-01, -5.2982e-01,
        -1.5284e-02, -2.3947e-01, -4.0667e-01,  6.7419e-02, -5.0140e-01,
         9.3678e-02,  4.3483e-01, -2.8440e-01,  5.9632e-01, -1.0425e-01,
         5.1030e-01, -3.1587e-01, -3.5868e-01,  8.9154e-01, -5.3305e-01,
         5.9376e-01,  4.3097e-01,  5.4324e-01,  2.6357e-01, -2.8294e-02,
        -6.0167e-01,  3.5665e-01, -7.2179e-01,  3.5370e-02,  1.2238e-02,
        -9.0721e-01, -1.5531e-02, -4.9810e-01,  3.5241e-01,  1.9797e-01,
         2.9928e-01,  9.8157e-01, -8.0170e-01, -9.0796e-02, -7.8033e-01,
        -6.2834e-01, -3.3199e-01, -2.8826e-01, -1.0841e+00,  7.3321e-01,
        -8.3758e-02, -3.3399e-01, -1.9256e-01,  1.0096e+00,  6.0919e-01,
         1.1038e-01, -3.3539e-01,  5.9625e-01, -4.5503e-01, -2.2476e-02,
        -5.4402e-01,  1.3553e-01,  6.2749e-01,  5.1507e-02,  1.7944e-01,
        -2.0589e+00,  5.7822e-01,  4.6088e-01, -8.7438e-02, -3.8972e-01,
        -1.0353e+00, -8.1006e-01,  2.2017e-01, -8.3797e-01,  1.0867e+00,
        -2.3679e-01,  2.4977e-01,  1.5458e-01,  5.7641e-02,  2.3393e-01,
         9.9047e-02, -7.6136e-01, -2.9569e-01,  4.9104e-01,  2.0079e-01,
        -3.0460e-01,  1.0987e+00,  1.0423e-01,  2.1159e-02,  9.8172e-01,
        -6.2543e-01,  7.6111e-02, -6.1289e-01, -3.9551e-01,  5.5452e-01,
        -1.8487e-01,  2.0361e-01, -1.0053e+00, -6.7105e-01,  1.5053e-01,
         2.7554e-01,  1.1043e+00, -8.6825e-01,  8.6170e-01, -1.1572e+00,
        -6.9848e-02,  3.3227e-01,  1.8914e-01, -1.9898e-01,  4.1472e-01,
        -1.7980e-01, -2.6345e-01,  1.0689e-01, -1.2816e+00, -4.7154e-01,
        -3.0946e-01,  1.9205e-01,  1.4403e-01, -1.3723e-01, -6.1788e-01,
        -2.7835e-01, -1.9691e-02, -1.0864e+00,  7.5640e-02,  1.6885e-01,
         7.2307e-01,  9.7629e-01, -3.1048e-01, -5.3021e-01,  7.4304e-01,
        -6.7836e-01, -2.8881e-01,  4.5585e-01, -9.2841e-01,  1.0317e+00,
         7.6898e-01, -8.5929e-01, -2.4673e-01, -3.0265e-01, -2.3199e-01,
        -4.7171e-01, -3.1548e-01,  1.3229e-01,  6.6042e-01,  2.2350e-01,
         2.8157e-01, -9.5305e-01, -9.3248e-02, -1.5047e-01, -5.9849e-01,
        -7.9051e-01, -1.1724e+00,  3.7358e-02, -1.1908e+00, -3.3995e-01,
         1.6418e-01,  2.5142e-01,  3.7425e-01], device='mps:0')",,2026-03-31 16:30:35.435438
